-- phpMyAdmin SQL Dump
-- version 5.2.1
-- https://www.phpmyadmin.net/
--
-- Host: 127.0.0.1
-- Generation Time: Jun 22, 2025 at 01:11 AM
-- Server version: 10.4.32-MariaDB
-- PHP Version: 8.2.12

SET SQL_MODE = "NO_AUTO_VALUE_ON_ZERO";
START TRANSACTION;
SET time_zone = "+00:00";


/*!40101 SET @OLD_CHARACTER_SET_CLIENT=@@CHARACTER_SET_CLIENT */;
/*!40101 SET @OLD_CHARACTER_SET_RESULTS=@@CHARACTER_SET_RESULTS */;
/*!40101 SET @OLD_COLLATION_CONNECTION=@@COLLATION_CONNECTION */;
/*!40101 SET NAMES utf8mb4 */;

--
-- Database: `debate_news`
--

-- --------------------------------------------------------

--
-- Table structure for table `article`
--

CREATE TABLE `article` (
  `id` int(11) NOT NULL,
  `title` varchar(100) NOT NULL,
  `keyword` varchar(30) NOT NULL,
  `content` text NOT NULL,
  `author_id` int(11) NOT NULL,
  `image_url` varchar(200) NOT NULL,
  `archived` tinyint(1) NOT NULL,
  `category_id` int(11) NOT NULL,
  `submitted` timestamp NOT NULL DEFAULT current_timestamp()
) ENGINE=InnoDB DEFAULT CHARSET=utf8mb4 COLLATE=utf8mb4_unicode_ci;

--
-- Dumping data for table `article`
--

INSERT INTO `article` (`id`, `title`, `keyword`, `content`, `author_id`, `image_url`, `archived`, `category_id`, `submitted`) VALUES
(6, 'Tornados dejan daños en casas del sur de Estados Unidos', 'Estados Unidos', 'Una serie de tornados golpeó anoche varias comunidades del sur de Estados Unidos, dejando a su paso una estela de destrucción que ha obligado a cientos de familias a abandonar sus hogares.\r\n\r\nLos fenómenos meteorológicos comenzaron poco después de las 19:00 horas, cuando el Servicio Nacional de Meteorología emitió una alerta para partes de Alabama, Mississippi y Georgia. En cuestión de minutos, fuertes vientos y lluvias torrenciales azotaron zonas residenciales, arrancando techos, volcando vehículos y derribando postes eléctricos.\r\n\r\n“Escuchamos un estruendo como si pasara un tren, y en segundos el techo de la casa voló por completo,” relató Clara Mendoza, residente de las afueras de Birmingham. “Nos refugiamos en el sótano y solo pudimos rezar para que pasara rápido.”\r\n\r\nSegún autoridades locales, al menos 87 viviendas sufrieron daños de consideración y 23 fueron completamente destruidas. Afortunadamente, no se han reportado víctimas mortales, aunque varios residentes fueron hospitalizados por heridas menores.\r\n\r\nLos equipos de emergencia trabajan desde la madrugada para despejar caminos, restablecer la electricidad y brindar asistencia a las familias afectadas. En muchas zonas, la presencia de escombros y cables caídos complica las labores de rescate.\r\n\r\nEl gobernador de Alabama ha declarado el estado de emergencia y anunció que se activarán fondos estatales para apoyar la reconstrucción. “Lo más importante ahora es garantizar que todas las personas estén seguras y reciban la ayuda que necesitan,” afirmó en una conferencia de prensa esta mañana.\r\n\r\nLos expertos atribuyen la intensidad de estos tornados a un inusual encuentro de masas de aire caliente y frío que creó las condiciones ideales para tormentas severas. Aunque la temporada de tornados en esta región es común en primavera, eventos de esta magnitud no se registraban desde hace más de una década.\r\n\r\nMientras tanto, organizaciones benéficas y voluntarios han comenzado a organizar colectas de alimentos, ropa y materiales de construcción para asistir a las víctimas. Se espera que en los próximos días lleguen más equipos de ayuda federal a las zonas más afectadas.', 2, 'img_6855eaa6bfbc27.33577721.jpg', 0, 1, '2025-06-20 23:11:34'),
(7, 'Boeing reconoce defectos en software del simulador del 737 MAX', 'Boeing', 'Boeing ha reconocido oficialmente que existen defectos en el software utilizado en los simuladores de vuelo del modelo 737 MAX, lo que añade una nueva capa de complejidad a la ya polémica saga del avión, que fue retirado del servicio en 2019 tras dos accidentes fatales.\r\n\r\nEn un comunicado emitido el martes por la noche, la empresa aeronáutica estadounidense señaló que el simulador no reproducía de forma precisa las condiciones que enfrentan los pilotos durante ciertos escenarios de emergencia, particularmente aquellos relacionados con el sistema de control MCAS, cuya falla fue clave en los accidentes en Indonesia y Etiopía.\r\n\r\n“El software del simulador no estaba representando con precisión las fuerzas ejercidas sobre el timón de profundidad en ciertas situaciones anormales de vuelo”, explicó un portavoz de Boeing. “Ya estamos trabajando estrechamente con las aerolíneas y los reguladores para corregir el problema y garantizar la máxima seguridad.”\r\n\r\nSi bien los simuladores no se utilizan en el entrenamiento inicial de todos los pilotos del 737 MAX, sí juegan un rol crucial en el adiestramiento avanzado. Según expertos en aviación, los errores en el software podrían haber contribuido a una preparación inadecuada de los pilotos ante ciertas fallas técnicas.\r\n\r\nLa Administración Federal de Aviación (FAA) ha sido notificada del problema y está evaluando si se requieren modificaciones adicionales en los protocolos de certificación. Hasta el momento, no se han reportado incidentes directamente relacionados con los defectos del simulador, pero varios sindicatos de pilotos han expresado preocupación.\r\n\r\n“Esto refuerza lo que venimos diciendo hace meses: los pilotos necesitan entrenamiento más riguroso y realista antes de operar este modelo,” señaló un vocero de la Asociación de Pilotos de Aerolíneas.\r\n\r\nBoeing se encuentra en el proceso de rediseñar el sistema MCAS del 737 MAX, así como de revisar todos los procedimientos de formación y simulación asociados con el modelo. Se espera que las modificaciones al simulador estén listas en los próximos meses, pero aún no hay una fecha concreta para la reincorporación del avión a los cielos.\r\n\r\nEste nuevo revés pone una vez más bajo escrutinio a uno de los mayores fabricantes de aeronaves del mundo, en un momento en que la confianza pública y la transparencia se han vuelto factores clave para su recuperación.', 2, 'img_6855ebe45794f9.59488690.jpg', 0, 1, '2025-06-20 23:16:52'),
(9, 'Mujer logra increíble transformación al bajar más de 200 kilos', 'Obesidad', 'A sus 37 años, Mariana Salazar ha logrado lo que muchos considerarían imposible: perder más de 200 kilos en un proceso que le tomó casi seis años de disciplina, constancia y determinación. Su historia se ha vuelto viral en redes sociales, inspirando a miles de personas que luchan contra la obesidad.\r\n\r\nOriginaria de Monterrey, México, Mariana llegó a pesar 286 kilos en su punto más crítico. “No podía subir escaleras, me costaba trabajo respirar, y temía quedarme dormida por miedo a no despertar”, confesó en una reciente entrevista televisiva. La situación no solo afectaba su salud física, sino también su autoestima y vida social.\r\n\r\nEl cambio comenzó tras una visita al hospital por una infección respiratoria. Allí, un médico le advirtió que, de no hacer cambios drásticos, su expectativa de vida se reduciría significativamente. “Ese fue mi punto de quiebre. No quería morir joven. No así”, cuenta Mariana.\r\n\r\nCon ayuda de un equipo médico compuesto por nutricionistas, psicólogos y un entrenador personal, Mariana adoptó un plan alimenticio estricto y un régimen de ejercicios adaptado a sus posibilidades. Inicialmente perdió los primeros 50 kilos solo con dieta y caminatas breves.\r\n\r\nPosteriormente, se sometió a una cirugía bariátrica, lo que le permitió acelerar el proceso, siempre bajo supervisión profesional. A lo largo del tiempo, también tuvo que enfrentar cirugías reconstructivas para remover el exceso de piel. “Lo más difícil no fue lo físico, sino mantenerme mentalmente fuerte”, afirma.\r\n\r\nHoy, Mariana pesa 83 kilos y dice sentirse más viva que nunca. Ha retomado estudios universitarios y planea convertirse en entrenadora de salud integral para apoyar a otras personas en su camino de transformación. “Yo sé lo que es tocar fondo. Pero también sé que sí se puede salir”, declaró emocionada.\r\n\r\nLa historia de Mariana ha sido compartida por medios nacionales e internacionales, y su cuenta de TikTok, donde documenta su proceso, ya supera los 700,000 seguidores. Su lema, “Un día a la vez”, se ha convertido en símbolo de esperanza para quienes enfrentan batallas similares.\r\n\r\nMédicos que han seguido su caso aseguran que, si bien su transformación es poco común, es un ejemplo poderoso de lo que se puede lograr con la combinación correcta de apoyo profesional, motivación interna y paciencia. “No hay soluciones mágicas, pero tampoco imposibles”, concluyen.', 2, 'img_6855ecfe153911.73424545.jpg', 0, 1, '2025-06-20 23:21:34'),
(10, 'Joven que le sacaron su bebé en Chicago miraba fotos cuando fue asesinada', 'Asesinato', 'Chicago – En un giro de eventos que solo podría describirse como sacado de una telenovela mal escrita y dirigida por un gato con exceso de cafeína, una joven en el vecindario de West Garfield Park fue víctima de un crimen que ha dejado a los residentes en un estado de confusión, indignación y, sobre todo, desconcierto.\r\n\r\nSegún testigos, la joven se encontraba en su sofá de terciopelo verde musgo, viendo por quinta vez el álbum digital de fotos de su gato disfrazado de celebridades de los años 80, cuando tres mujeres vestidas como enfermeras espaciales de una convención de ciencia ficción irrumpieron en su casa.\r\n\r\n“Al principio pensé que era una intervención teatral o algo de TikTok”, comentó un vecino, mientras tomaba mate con leche de cabra. “Pero luego vi que una de ellas tenía un estetoscopio conectado a una tostadora”.\r\n\r\nLas sospechosas, identificadas por la policía como integrantes del culto “Las Placentarias Divinas”, afirmaron que el bebé de la joven tenía una energía astral “demasiado pura para este plano terrestre” y que necesitaban extraerlo para enviarlo en cápsula al planeta Nibiru, donde sería criado por delfines iluminados.\r\n\r\nEl bebé fue localizado horas después en un parque, dentro de una cesta de picnic, envuelto en papel aluminio y con un letrero que decía: “Hecho con amor y karma”.\r\n\r\n“Ella solo estaba viendo fotos”, dijo un familiar. “De verdad. Literalmente solo fotos. Ni siquiera eran nuevas. Era el mismo álbum de siempre. Pero le hacía gracia ver cómo su gato se parecía a Freddie Mercury”.\r\n\r\nLas autoridades confirmaron que el caso sigue abierto, pero que ya han confiscado una gran cantidad de objetos extraños, incluyendo un globo terráqueo que solo gira en sentido contrario, una flauta que solo toca melodías de anuncios de yogurt y una colección de tamagotchis aún vivos desde 1998.', 2, 'img_6855efcc283e01.51588999.jpg', 0, 1, '2025-06-20 23:33:32'),
(11, 'Tigres vs Monterrey, minuto a minutos semifinales Liga MX', 'Tigres De La Uanl', 'Tigres y Monterrey protagonizaron una noche intensa de fútbol en la ida de las semifinales de la Liga MX. El Estadio Universitario se llenó hasta el tope y vibró con cada jugada de este nuevo capítulo del Clásico Regio, que comenzó con gran ritmo desde el primer minuto.\r\n\r\nLos Rayados salieron con una presión alta y al minuto 8 generaron la primera clara con un disparo de Funes Mori que pasó rozando el poste. Tigres no se quedó atrás y respondió con un remate de Gignac al minuto 14 que obligó a Andrada a una gran intervención. El primer tanto del encuentro llegó tras una jugada enredada dentro del área. Al minuto 22, Luis Quiñones aprovechó un rebote tras un mal despeje y mandó el balón al fondo, poniendo el 1-0 para los locales.\r\n\r\nDurante el resto del primer tiempo, ambos equipos mostraron intensidad, aunque con pocas ocasiones claras. Monterrey se adueñó del balón por momentos, pero sin profundidad, mientras que Tigres apostó al contragolpe con Quiñones y Lainez.\r\n\r\nEn el segundo tiempo, Monterrey salió decidido a igualar. Al 51, se vivió una jugada polémica cuando Jesús Gallardo cayó en el área tras un cruce de Pizarro. El árbitro inicialmente señaló penal, pero tras consultar el VAR anuló la decisión, provocando protestas de los visitantes.\r\n\r\nEl gol del empate finalmente llegó al minuto 74. Un centro preciso de Medina encontró a Berterame, quien con un cabezazo potente venció a Nahuel Guzmán. El 1-1 encendió aún más el ambiente en el estadio. Tigres tuvo el 2-1 en los minutos finales tras una jugada colectiva que terminó en gol de Gignac, pero la anotación fue anulada por fuera de juego milimétrico.\r\n\r\nAmbos equipos bajaron la intensidad en los últimos minutos, firmando el empate que deja la serie completamente abierta. La vuelta se jugará en el Estadio BBVA, donde Rayados buscará sellar su pase a la final, mientras Tigres confiará en su experiencia y contundencia en instancias decisivas.', 2, 'img_68567f97d223d7.21966074.png', 0, 2, '2025-06-21 09:47:03'),
(12, 'María del Rosario Espinoza, comparte amargo adiós a los mundiales', 'Taekwondo', 'María del Rosario Espinoza, triple medallista olímpica y una de las figuras más emblemáticas del taekwondo mexicano, ha anunciado que no volverá a competir en campeonatos mundiales. La noticia ha conmovido a sus seguidores y al mundo del deporte nacional, marcando el cierre de una etapa dorada en su carrera.\r\n\r\nCon voz serena pero con evidente emoción, María compartió su decisión durante una entrevista luego de su participación en el Mundial de Bakú. Aunque no logró subir al podio esta vez, su legado permanece intacto. “Me voy tranquila, pero no es fácil. Los mundiales me lo han dado todo, pero también me han quitado mucho,” confesó, haciendo referencia a los sacrificios personales que implicó mantenerse en la élite por más de una década.\r\n\r\nDesde su irrupción en el panorama internacional en 2007, cuando se coronó campeona mundial por primera vez, Espinoza se convirtió en un referente del deporte mexicano. Su disciplina, carácter y humildad la llevaron a conquistar medallas en tres Juegos Olímpicos distintos, un logro que muy pocos atletas han conseguido.\r\n\r\nA pesar del anuncio, María no se retira completamente. Ha dejado claro que continuará vinculada al taekwondo como mentora de jóvenes talentos y colaboradora en el desarrollo de nuevos programas deportivos. “Ahora me toca apoyar desde otro lugar. El tatami ya no será mi campo de batalla, pero seguiré luchando por el taekwondo mexicano,” aseguró.\r\n\r\nEl adiós a los mundiales llega en un momento en que la Federación Mexicana de Taekwondo busca renovación. María, con su experiencia, será clave en esa transición. Mientras tanto, miles de aficionados han inundado las redes sociales con mensajes de apoyo, agradecimiento y admiración, reconociendo su valentía no solo en la competencia, sino también en saber cerrar un ciclo con dignidad.\r\n\r\nAunque su camino competitivo llega a su fin en los mundiales, el nombre de María del Rosario Espinoza seguirá resonando como símbolo de esfuerzo, perseverancia y orgullo nacional.', 2, 'img_68567fd6d9e316.45488611.jpg', 0, 2, '2025-06-21 09:48:06'),
(13, 'Yo decido en mi equipo, si no me marcharía, dice Zidane', 'Zinedine Zidane', 'Zinedine Zidane ha dejado claro una vez más quién lleva las riendas en su equipo. Durante una rueda de prensa con tono firme y sin rodeos, el exentrenador del Real Madrid respondió a las especulaciones sobre influencias externas en sus decisiones tácticas y de alineación. “Yo decido en mi equipo, si no me marcharía,” sentenció, apagando los rumores con la misma elegancia con la que solía mover el balón.\r\n\r\nLas declaraciones surgieron tras una serie de comentarios en medios deportivos que insinuaban presiones por parte de la directiva sobre el manejo del vestuario. Zidane, conocido por su estilo reservado, rompió su silencio esta vez para poner un alto. “Si alguna vez sintiera que alguien me dice a quién debo poner o cómo debo jugar, agarro mis cosas y me voy,” afirmó, con la misma determinación que mostró en sus múltiples despedidas del banquillo blanco.\r\n\r\nZizou también habló de su visión como entrenador, subrayando que el respeto y la autonomía son esenciales para construir un grupo fuerte. “El vestuario siente cuando uno no tiene el control. Y si no tienes el control, no tienes nada,” explicó. Para él, liderar va más allá de diseñar esquemas; se trata de inspirar confianza, manejar egos y mantener el equilibrio en un entorno donde cada minuto cuenta.\r\n\r\nAunque actualmente no está al frente de ningún club, Zidane continúa siendo una figura de peso en el fútbol europeo. Su nombre suena cada vez que un banquillo de prestigio queda libre, y sus palabras son seguidas con atención tanto por aficionados como por jugadores.\r\n\r\nPor ahora, el entrenador francés parece estar disfrutando su tiempo lejos de los reflectores, pero su reciente aparición pública deja claro que no está descartando un regreso. Eso sí, solo bajo sus condiciones. Porque si algo quedó claro es que, en su equipo, el que manda es él.', 2, 'img_68568029d63cb3.46999087.jpg', 0, 2, '2025-06-21 09:49:29'),
(14, 'Lyon vence al Barcelona y gana su cuarta Champions femenil consecutiva', 'Lyon', 'El Olympique de Lyon lo ha vuelto a hacer. Con una actuación implacable, el equipo francés venció al Barcelona en la final y conquistó su cuarta Champions femenina consecutiva, dejando claro que su dominio en Europa no es casualidad sino costumbre. El marcador final fue 3-1, con goles que mezclaron potencia, técnica y esa confianza que solo tiene un equipo que sabe que es el mejor.\r\n\r\nDesde los primeros minutos, el Lyon impuso el ritmo. Mientras el Barça intentaba desplegar su estilo de posesión, las francesas presionaban alto, cortaban líneas y lanzaban contraataques como si tuvieran un guion perfecto. La primera anotación llegó tras una jugada colectiva vertiginosa, culminada con un disparo cruzado imparable. El segundo cayó apenas unos minutos después, dejando a la defensa culé sin tiempo para reaccionar.\r\n\r\nBarcelona logró descontar justo antes del descanso, con un remate de cabeza tras un córner que encendió las esperanzas. Pero esas esperanzas se apagaron en la segunda mitad, cuando Lyon selló el tercero con un golazo desde fuera del área que dejó quieta a la portera catalana y a los miles de aficionados que aún creían en la remontada.\r\n\r\nLa victoria no solo marca un récord impresionante para el club francés, sino que reafirma su estatus como potencia absoluta del fútbol femenino. Con estrellas en todas las líneas y una mentalidad ganadora tatuada en cada jugadora, el Lyon parece no tener techo. Mientras otros equipos construyen proyectos, ellas simplemente siguen ganando.\r\n\r\nEl Barcelona, por su parte, mostró momentos de calidad y carácter, pero una vez más se topó con su bestia negra. Tendrán que volver a casa, repasar lo ocurrido y pensar cómo romper esta hegemonía en el futuro. Porque mientras Lyon siga con esta racha, el resto de Europa tendrá que esforzarse el doble solo para acercarse.', 2, 'img_685680ca0e3c01.27913920.png', 0, 2, '2025-06-21 09:52:10'),
(15, 'Caos en aeropuerto tras falsa amenaza de bomba', 'INTERNACIONAL', 'Una escena de confusión total se vivió este martes por la tarde en el aeropuerto internacional de Ciudad del Sol, luego de que una llamada anónima alertara sobre la presencia de un artefacto explosivo en la terminal 2.\r\n\r\nCientos de pasajeros fueron evacuados de forma apresurada mientras las autoridades activaban los protocolos de seguridad. Agentes antiexplosivos, bomberos y equipos caninos recorrieron las instalaciones durante más de tres horas para asegurarse de que no existiera ningún peligro real.\r\n\r\nLas actividades en el aeropuerto quedaron completamente paralizadas, lo que provocó largas filas y cancelaciones en los vuelos programados para esa tarde y noche. Los empleados se vieron desbordados por la cantidad de viajeros afectados y las quejas comenzaron a acumularse.\r\n\r\nAl final, no se encontró ningún objeto sospechoso y todo apuntó a una falsa alarma. Sin embargo, la tensión no bajó en el lugar hasta que el personal dio por finalizado el operativo.\r\n\r\n“El daño ya está hecho. Perdí mi conexión a Tokio y tengo una reunión muy importante”, reclamó un pasajero visiblemente frustrado mientras esperaba información.\r\n\r\nLas autoridades ya investigan el origen de la llamada, y aseguran que darán con el responsable del susto colectivo, además de aplicar las sanciones correspondientes para evitar este tipo de incidentes que afectan a miles de personas y generan un gasto enorme en recursos.', 2, 'img_68568368772b46.40274276.png', 0, 1, '2025-06-21 10:03:20'),
(16, 'Perro se convierte en héroe al salvar a familia de incendio', 'INSÓLITO', 'Lo que comenzó como una noche tranquila en una casa de las afueras de Morelia terminó en un milagro gracias a “Canelo”, un perro mestizo de tres años que despertó a sus dueños ladrando desesperadamente.\r\n\r\nMinutos después, las llamas comenzaron a invadir la cocina debido a un cortocircuito provocado por un electrodoméstico antiguo. La familia, aún adormilada, logró salir a tiempo con ayuda del valiente can que no dejó de ladrar y mover la cola hasta que todos estuvieron a salvo.\r\n\r\nLos bomberos llegaron rápidamente, pero aseguraron que sin la intervención de Canelo el incendio habría consumido toda la casa en cuestión de minutos. Además, destacaron la inteligencia y fidelidad del perro, que se quedó vigilando la entrada mientras los dueños eran atendidos.\r\n\r\n“Nos salvó la vida. Es parte de la familia, pero ahora es nuestro ángel guardián”, comentó emocionada la madre de la familia, quien no pudo contener las lágrimas al recordar el incidente.\r\n\r\nCanelo ahora duerme con una medalla improvisada colgada en su collar y un plato de bistec que se ganó con justicia. En las redes sociales, su historia ha conmovido a miles, y varios ya piden que se le otorgue un reconocimiento oficial.', 2, 'img_685684788bc157.24750497.jpg', 0, 1, '2025-06-21 10:07:52'),
(17, 'Turista sobrevive cinco días perdido en selva con solo una botella de agua', 'AVENTURA', 'Un turista canadiense logró sobrevivir cinco días perdido en la selva del Amazonas con apenas una botella de agua, un encendedor y una fuerza de voluntad envidiable.\r\n\r\nJohn Miller, de 34 años, se separó de su grupo durante una caminata fotográfica y terminó completamente desorientado en un territorio desconocido, enfrentando insectos, lluvia constante y temperaturas extremas.\r\n\r\n“Seguí el sonido de los pájaros y del río. Eso me mantuvo con vida y me ayudó a encontrar un camino hacia un claro”, relató tras ser rescatado por un grupo de lugareños que patrullaban la zona.\r\n\r\nDurante su odisea, bebió agua de lluvia recolectada en hojas grandes, durmió sobre camas improvisadas de hojas y evitó animales salvajes manteniendo un pequeño fuego encendido con su encendedor.\r\n\r\nSu historia ha sido calificada como “un milagro” y ya se planea un documental sobre su experiencia y la importancia de la preparación en expediciones de aventura.\r\n\r\n“Volveré, pero con un guía... y un GPS”, bromeó Miller con una sonrisa cansada, agradeciendo a quienes no dejaron de buscarlo desde el primer momento.', 2, 'img_6856848f7057b2.08635482.png', 0, 1, '2025-06-21 10:08:15'),
(18, 'Abuela de 82 años rompe récord mundial en levantamiento de pesas', 'DEPORTES', 'La señora Dolores Fernández, de 82 años, ha dejado al mundo boquiabierto tras levantar 110 kilos en una competencia local de levantamiento de pesas en Guadalajara, demostrando que la edad no es un impedimento para alcanzar grandes logros.\r\n\r\n“Solo fui por acompañar a mi nieto... y terminé ganando yo”, dijo entre risas mientras sostenía su trofeo y recibía ovaciones de los asistentes.\r\n\r\nDolores comenzó a entrenar hace solo tres años “para mantenerse activa” y ahora ha roto el récord mundial de su categoría, superando a atletas mucho más jóvenes y entrenados durante toda su vida.\r\n\r\nEntrenadores y médicos confirmaron que goza de una salud extraordinaria, producto de una dieta balanceada y ejercicio constante. “Tiene más fuerza que varios de nuestros atletas jóvenes”, afirmó su entrenador con orgullo.\r\n\r\nSu hazaña ha sido compartida miles de veces en redes sociales y muchos ya la llaman “la abuelita de acero”. Dolores, sin embargo, solo pide una cosa: “Que no me pongan reguetón en el gimnasio, prefiero salsa y cumbia para levantar pesas”.', 2, 'img_68568545751e07.14432681.jpg', 0, 2, '2025-06-21 10:11:17'),
(19, 'Real Madrid anuncia gira por Asia para el verano', 'FÚTBOL', 'En un movimiento sorpresivo pero estratégico, el Real Madrid ha confirmado que realizará una gira por Asia durante el verano, con partidos amistosos en Japón, Corea del Sur y Tailandia.\r\n\r\nEl club merengue pretende fortalecer su presencia en el mercado asiático, donde cuenta con millones de seguidores. La gira comenzará a mediados de julio y se extenderá hasta principios de agosto, justo antes del inicio de la temporada 2025-2026.\r\n\r\nFlorentino Pérez, presidente del club, señaló que esta gira no solo tiene fines comerciales, sino también deportivos. \"Queremos que nuestros jugadores se adapten a diferentes estilos y climas, y qué mejor forma que enfrentando a equipos asiáticos competitivos\", declaró.\r\n\r\nCarlo Ancelotti viajará con toda la plantilla principal, incluidos los nuevos fichajes y varias jóvenes promesas del Castilla. Se espera que el equipo enfrente al Urawa Red Diamonds, Jeonbuk Motors y el Buriram United.\r\n\r\nLos fanáticos en Asia ya están agotando entradas y preparando homenajes. Todo indica que será un viaje lleno de pasión, marketing y goles.', 2, 'img_685687cea9ea90.35528395.png', 0, 2, '2025-06-21 10:22:06'),
(20, 'Serena Williams sugiere posible regreso en dobles mixtos', 'TENIS', 'La legendaria tenista Serena Williams dejó entrever la posibilidad de volver a las canchas, pero no en individuales. En una reciente entrevista, insinuó que podría participar en torneos de dobles mixtos \"por diversión y amor al tenis\".\r\n\r\nDesde su retiro en 2022, Serena ha mantenido una agenda activa fuera del deporte, pero admite que aún siente la \"chispa competitiva\". “No puedo decir que se acabó completamente. Extraño el juego, extraño a la gente”, afirmó sonriendo.\r\n\r\nAunque no hay confirmación oficial, se rumorea que podría formar pareja con su esposo Alexis Ohanian en un torneo de caridad, o incluso reaparecer en un Grand Slam junto a algún joven talento estadounidense.\r\n\r\nLos fanáticos en redes sociales han reaccionado con entusiasmo ante la posibilidad. \"Serena en dobles es lo que el mundo necesita\", decía uno de los comentarios más populares.\r\n\r\nSi se concreta, sería una vuelta inesperada que llenaría estadios y corazones.', 2, 'img_685687e493a3b3.34938938.png', 0, 2, '2025-06-21 10:22:28'),
(21, 'México presentará candidatura para Juegos Olímpicos 2036', 'OLIMPISMO', 'El Comité Olímpico Mexicano ha anunciado oficialmente su intención de presentar una candidatura para albergar los Juegos Olímpicos de 2036. De concretarse, sería la segunda vez que el país organice el magno evento, tras el éxito de México 1968.\r\n\r\nEl anuncio fue hecho por María José Alcalá, presidenta del comité, quien destacó que ciudades como Guadalajara y Monterrey ya están siendo consideradas como posibles sedes junto a la Ciudad de México.\r\n\r\n\"Tenemos la infraestructura, la pasión y la experiencia. Creemos que México puede ofrecer unos juegos únicos, inclusivos y sostenibles\", afirmó Alcalá.\r\n\r\nLa propuesta incluirá mejoras en transporte público, alojamientos, estadios y planes ecológicos para reducir el impacto ambiental. Además, se busca una fuerte colaboración con empresas privadas para asegurar el financiamiento.\r\n\r\nLa noticia ha generado entusiasmo pero también críticas, especialmente en sectores preocupados por el costo y la viabilidad a largo plazo. No obstante, el camino rumbo a 2036 ya ha comenzado.', 2, 'img_685687fb6b9fd3.01397641.png', 0, 2, '2025-06-21 10:22:51'),
(22, 'Nueva ley en España limita uso de celulares en escuelas', 'EDUCACIÓN', 'El Parlamento español ha aprobado una nueva ley que restringe severamente el uso de teléfonos móviles en todas las escuelas del país. A partir del próximo semestre, los estudiantes solo podrán usar sus dispositivos en casos médicos o emergencias.\r\n\r\nEl Ministerio de Educación argumenta que la medida busca mejorar la concentración académica, reducir el acoso digital y fomentar la interacción social entre alumnos.\r\n\r\n“Los móviles son una herramienta útil, pero en el aula se han convertido en una distracción constante. Esta ley busca recuperar el enfoque educativo”, afirmó la ministra Pilar Alegría.\r\n\r\nLos centros educativos deberán establecer zonas específicas para guardar los teléfonos durante la jornada escolar. El incumplimiento podrá derivar en sanciones tanto para alumnos como para las instituciones.\r\n\r\nAunque la iniciativa ha sido bien recibida por muchos padres y docentes, algunos estudiantes han manifestado su descontento. Aun así, el gobierno insiste en que el impacto será positivo a largo plazo.', 2, 'img_685688157b6fb0.46190102.png', 0, 1, '2025-06-21 10:23:17');

-- --------------------------------------------------------

--
-- Table structure for table `category`
--

CREATE TABLE `category` (
  `id` int(11) NOT NULL,
  `name` varchar(30) NOT NULL
) ENGINE=InnoDB DEFAULT CHARSET=utf8mb4 COLLATE=utf8mb4_unicode_ci;

--
-- Dumping data for table `category`
--

INSERT INTO `category` (`id`, `name`) VALUES
(1, 'Mundo'),
(2, 'Deporte');

-- --------------------------------------------------------

--
-- Table structure for table `user`
--

CREATE TABLE `user` (
  `id` int(11) NOT NULL,
  `first_name` varchar(255) NOT NULL,
  `last_name` varchar(255) NOT NULL,
  `username` varchar(20) NOT NULL,
  `password_hash` varchar(255) NOT NULL,
  `level` int(11) NOT NULL DEFAULT 0
) ENGINE=InnoDB DEFAULT CHARSET=utf8mb4 COLLATE=utf8mb4_unicode_ci;

--
-- Dumping data for table `user`
--

INSERT INTO `user` (`id`, `first_name`, `last_name`, `username`, `password_hash`, `level`) VALUES
(1, 'Andres', 'Rodriguez', 'arod', '$2y$10$nGNhBkX7FqvZE95/WdrLqO0I6nAdwzNYA0WS2j.Tq9RxY0N8lgzBO', 1),
(2, 'Dominik', 'Mikac', 'dmikac', '$2y$10$5/YOr4TCCgQIqnjHyJyAjuCy.aQd8gRktVHwQdFGk.dKUQNxQZpy.', 1);

--
-- Indexes for dumped tables
--

--
-- Indexes for table `article`
--
ALTER TABLE `article`
  ADD PRIMARY KEY (`id`);

--
-- Indexes for table `category`
--
ALTER TABLE `category`
  ADD PRIMARY KEY (`id`);

--
-- Indexes for table `user`
--
ALTER TABLE `user`
  ADD PRIMARY KEY (`id`);

--
-- AUTO_INCREMENT for dumped tables
--

--
-- AUTO_INCREMENT for table `article`
--
ALTER TABLE `article`
  MODIFY `id` int(11) NOT NULL AUTO_INCREMENT, AUTO_INCREMENT=23;

--
-- AUTO_INCREMENT for table `category`
--
ALTER TABLE `category`
  MODIFY `id` int(11) NOT NULL AUTO_INCREMENT, AUTO_INCREMENT=3;

--
-- AUTO_INCREMENT for table `user`
--
ALTER TABLE `user`
  MODIFY `id` int(11) NOT NULL AUTO_INCREMENT, AUTO_INCREMENT=3;
COMMIT;

/*!40101 SET CHARACTER_SET_CLIENT=@OLD_CHARACTER_SET_CLIENT */;
/*!40101 SET CHARACTER_SET_RESULTS=@OLD_CHARACTER_SET_RESULTS */;
/*!40101 SET COLLATION_CONNECTION=@OLD_COLLATION_CONNECTION */;
